id;first_name;last_name;gender;email;phone;address_line_1;address_line_2;city;country
1;Garnett;Schinner;OTHER;.^IPEB"wU9xTsj6^kn-NlHtc)}3Qs];(*={W$^Z8%r!wp&'Irg#cfEnOH$]A`9(}=#4>/YTDV]e__ItG-kt/6KjCZ^X_S5(;!{jD0@jtaYCT;r$;.sZS%/l:7sXFVEax128tKc/N~lW^Ya^36;4_~J$Ay;'I~1d<]yNI9rWJ\)BYJ;=zywBjqw<Ptu|JBZ'g[{.f=+_WmBB$ESmU1f[t6;(361) 760-0978 x92019;Money Market Account;Albania web-readiness;South Leopold;Iceland
2;Brody;Beahan;OTHER;d0<G\Y}Wjs(.zuK&@!D.SHj;tq_fQNW3UaBE<#a"TO-!nCb:*>2Fk&O2G[U",Y5:7ZM?insv7+7w}|Z79UoZN.UaqaH8gLwtS!j3&SdPsb[e.dW$u(yRL7c+~+BoG2-m^?9K(YAP`/hAT(=z^Au=ne)V-lXEb;595.408.6614;Automotive;Planner cross-platform access;East Markusberg;Japan
3;Marjorie;Cartwright;FEMALE;k"eO^-(x'S?@V%S2NBY$3/SbdGy8+-p}:RWJY0d.8!Pf1D.)H[p4F$UIPhi\(gB0)lOUx%z2y1R[yf1ZrOA~oFbVr7(IHR*fBaPYRZI3GMuoqfq[;345.255.1098 x7493;Communications capacitor archive;sky blue Tasty Plastic Pizza;Lake Donavon;Maldives
4;Rhoda;McGlynn;OTHER;N<muFFSR0*W5$Wmo~x&-P7SIt^qb2tlM)OW3.mNjIU@<TQn7vs2!:kYV<z/i9a/jhY|X03X88{bXlk|.`ZGCe>u#,~;k.g3gi7*d=qk;947-312-0081;monitor 1080p Checking Account;world-class Frozen IB;Isobelborough;Bermuda
5;Anika;Hills;OTHER;GWVc>G{&A~JH!n:5J,gi_}*w7f]e957oMeP:;ou=c&ODMgEr<;)]#Iu8QfujHfQKq,;8a2d\K][+iR/8@SjnSoiH5X~A,%yr_OCBz<~dF,{8flYN3+\&?'Lmt'z1,C>&v&jk`AW,0\QNZ&OB:3{cr^i(.7oOFW>c;(543) 197-8775 x27240;system Small;Intelligent Outdoors;Jarrellburgh;Mauritius
6;Johan;Powlowski;MALE;-n<$SZC9SCP{MCN'wCt;d,Tn]!K6-BaLK4:F3S{ZIuUKRZ~Q!X.3*|zD~3rvG:P$AtNgHTNkB}5itg#7wtXWS$*b~rRYhJdl6Rv@$C:R{>;>ZQQfp7]B_\O$e{QRCessMZJxMem=RH?_k]$NOz[j}hv2;E0E6hY[D3|!D;/_H)W_c'#Xn:VY<<)+a.vBUithuwi"`K9lA:=};(618) 968-2618;digital maroon;EXE projection Fresh;West Sven;Bosnia and Herzegovina
7;Donnie;Farrell;FEMALE;N_{ck><s/OHVsqN#LF6sN*(^=U^oa:<{r2|P#"r8tT;A(8iGgR]XR.9>La6pc?d`H=Q;<X31\Bv.Qqm/I\8r{@`Pj]AyQww_6>p7xPb"`&cG,2/Q?S6!:!MJv9hs/5#Uh!!iaEp2_z'96r~PTX(H^"81]BfUvh&EF+{hu|dz4.Aq5{ph6,8C$R.E=JGENlv3`Z:\rL![2,WGSmA{v.\ly-|X7p|22}x2Wv6%NK^hg/__,v-`x%jG&[N},a9=Fy;"iWVQ:zg*>hs(;1-442-612-3291 x325;Kenyan Shilling robust;Versatile Exclusive Moroccan Dirham;Eliseland;Fiji
8;Zoe;Bashirian;MALE;E8p)Z;evV+=SyXDyrSBi[_y3y#P&}=<zow<3J^eU)Fo#v[6"2$5`#@3^Ms&=Xc'yGIe^;Dgfx'NyC!1%5oZJpA~ik=[#:-TDue,;,~gfC(]\A`#!x|3e.u2(ltndmjOhSud8sab9kp`$;1-962-615-4495;Credit Card Account;navigate;East Monroefort;Guinea-Bissau
9;Janice;Murray;OTHER;cT%A:6V3.I8gT/LWwL;>y>0RrKvxh0}\0fSn-22wx^JE/TLV-]*u6lR4W&atn}]]{{;[`PA#}|gnQC4VT&a!NS@l_akuGz\.x]Y,F#~tL'~Aiw?5;pLJUu~n.-(MTG%;.]s8db?qpyz_Q(27"gpR~G%3oIC|`^/+Mqhl.1i~KQ41UN`xwYEIS*ai\ib`{])Bqw(F?C1$E5/z&,>A$7*+_D_KG*PEAQ*eNK"2t![V!^)bzj)h1X$;(085) 362-0758 x2360;Quality;synthesize Creative;New Evanchester;Botswana
10;Corene;Walsh;FEMALE;kRCgutNDxPG$TW=;31ZQT}jDhEYT={-90]I+xHWR)5hbhnk7b;?Zni$Gg'-rSPhz$2\8@1qSx?BtGO2$aZ_yx,{Ni<aG99Q(xEGNW}6rFN]|3b[l#\{xFIjO"rvN)+Drz'~;."mvtcWc.TJh[Z&EZC3<And9Nl?jajbaD%jMc<5R>G7LkN6O7%|lX_*Z-c7>/&v;?IF?&lI\=y>i;1-229-098-5986 x132;Saint Helena Pound programming;AI optical invoice;Port Carolynemouth;Tonga
